{
	"a-dab-of-ink":"A Dab of Ink",
	"a-mothers-parting-gift":"A Mother's Parting Gift",
	"abandoned-wealth":"Abandoned Wealth",
	"aberrant-fossil":"Aberrant Fossil",
	"abrasive-catalyst":"Abrasive Catalyst",
	"abyssal-incubator":"Abyssal Incubator",
	"academy-map-tier-11":"Academy Map",
	"academy-map-tier-12":"Academy Map",
	"academy-map-tier-14":"Academy Map",
	"academy-map-tier-4":"Academy Map",
	"academy-map-tier-7":"Academy Map",
	"acid-caverns-map-tier-15":"Acid Caverns Map",
	"aetheric-fossil":"Aetheric Fossil",
	"akils-prophecy":"Akil's Prophecy",
	"alch":"Orb of Alchemy",
	"alleyways-map-tier-11":"Alleyways Map",
	"alleyways-map-tier-14":"Alleyways Map",
	"alleyways-map-tier-2":"Alleyways Map",
	"alleyways-map-tier-5":"Alleyways Map",
	"alleyways-map-tier-9":"Alleyways Map",
	"alluring-bounty":"Alluring Bounty",
	"alone-in-the-darkness":"Alone in the Darkness",
	"alt":"Orb of Alteration",
	"amber-oil":"Amber Oil",
	"anarchys-price":"Anarchy's Price",
	"ancient-city-map-tier-10":"Ancient City Map",
	"ancient-city-map-tier-12":"Ancient City Map",
	"ancient-city-map-tier-14":"Ancient City Map",
	"ancient-city-map-tier-3":"Ancient City Map",
	"ancient-city-map-tier-7":"Ancient City Map",
	"ancient-orb":"Ancient Orb",
	"ancient-reliquary-key":"Ancient Reliquary Key",
	"ancient-shard":"Ancient Shard",
	"annulment-shard":"Annulment Shard",
	"apprentice-sextant":"Simple Sextant",
	"arachnid-nest-map-tier-12":"Arachnid Nest Map",
	"arachnid-nest-map-tier-14":"Arachnid Nest Map",
	"arachnid-tomb-map-tier-11":"Arachnid Tomb Map",
	"arachnid-tomb-map-tier-13":"Arachnid Tomb Map",
	"arachnid-tomb-map-tier-15":"Arachnid Tomb Map",
	"arachnid-tomb-map-tier-4":"Arachnid Tomb Map",
	"arachnid-tomb-map-tier-8":"Arachnid Tomb Map",
	"arcade-map-tier-11":"Arcade Map",
	"arcade-map-tier-14":"Arcade Map",
	"arcade-map-tier-3":"Arcade Map",
	"arcade-map-tier-6":"Arcade Map",
	"arcade-map-tier-9":"Arcade Map",
	"arena-map-tier-10":"Arena Map",
	"arena-map-tier-12":"Arena Map",
	"arena-map-tier-14":"Arena Map",
	"arena-map-tier-3":"Arena Map",
	"arena-map-tier-6":"Arena Map",
	"arid-lake-map-tier-11":"Arid Lake Map",
	"arid-lake-map-tier-14":"Arid Lake Map",
	"arid-lake-map-tier-5":"Arid Lake Map",
	"arid-lake-map-tier-9":"Arid Lake Map",
	"armoury-map-tier-11":"Armoury Map",
	"armoury-map-tier-14":"Armoury Map",
	"armoury-map-tier-2":"Armoury Map",
	"armoury-map-tier-5":"Armoury Map",
	"armoury-map-tier-9":"Armoury Map",
	"arrogance-of-the-vaal":"Arrogance of the Vaal",
	"arsenal-map-tier-10":"Arsenal Map",
	"arsenal-map-tier-11":"Arsenal Map",
	"arsenal-map-tier-14":"Arsenal Map",
	"arsenal-map-tier-3":"Arsenal Map",
	"arsenal-map-tier-7":"Arsenal Map",
	"ashen-wood-map-tier-11":"Ashen Wood Map",
	"ashen-wood-map-tier-14":"Ashen Wood Map",
	"ashen-wood-map-tier-2":"Ashen Wood Map",
	"ashen-wood-map-tier-6":"Ashen Wood Map",
	"ashen-wood-map-tier-9":"Ashen Wood Map",
	"assassins-favour":"Assassin's Favour",
	"atoll-map-tier-11":"Atoll Map",
	"atoll-map-tier-14":"Atoll Map",
	"atoll-map-tier-5":"Atoll Map",
	"atoll-map-tier-9":"Atoll Map",
	"atziris-arsenal":"Atziri's Arsenal",
	"audacity":"Audacity",
	"aug":"Orb of Augmentation",
	"azure-oil":"Azure Oil",
	"azyrans-reward":"Azyran's Reward",
	"ba":"Glassblower's Bauble",
	"baited-expectations":"Baited Expectations",
	"barrows-map-tier-10":"Barrows Map",
	"barrows-map-tier-12":"Barrows Map",
	"barrows-map-tier-14":"Barrows Map",
	"barrows-map-tier-4":"Barrows Map",
	"barrows-map-tier-7":"Barrows Map",
	"basilica-map-tier-12":"Basilica Map",
	"basilica-map-tier-14":"Basilica Map",
	"basilica-map-tier-16":"Basilica Map",
	"basilica-map-tier-5":"Basilica Map",
	"basilica-map-tier-9":"Basilica Map",
	"bazaar-map-tier-10":"Bazaar Map",
	"bazaar-map-tier-12":"Bazaar Map",
	"bazaar-map-tier-15":"Bazaar Map",
	"bazaar-map-tier-3":"Bazaar Map",
	"bazaar-map-tier-6":"Bazaar Map",
	"beach-map-tier-1":"Beach Map",
	"beach-map-tier-10":"Beach Map",
	"beach-map-tier-14":"Beach Map",
	"beach-map-tier-4":"Beach Map",
	"beach-map-tier-8":"Beach Map",
	"beauty-through-death":"Beauty Through Death",
	"belfry-map-tier-10":"Belfry Map",
	"belfry-map-tier-12":"Belfry Map",
	"belfry-map-tier-14":"Belfry Map",
	"belfry-map-tier-3":"Belfry Map",
	"belfry-map-tier-7":"Belfry Map",
	"binding-shard":"Binding Shard",
	"birth-of-the-three":"Birth of the Three",
	"black-oil":"Black Oil",
	"blessed":"Blessed Orb",
	"blessing-chayula":"Blessing of Chayula",
	"blessing-esh":"Blessing of Esh",
	"blessing-of-god":"Blessing of God",
	"blessing-tul":"Blessing of Tul",
	"blessing-uul-netol":"Blessing of Uul-Netol",
	"blessing-xoph":"Blessing of Xoph",
	"blighted-alleyways-map":"Blighted Alleyways Map",
	"blighted-ancient-city-map":"Blighted Ancient City Map",
	"blighted-arcade-map":"Blighted Arcade Map",
	"blighted-arid-lake-map":"Blighted Arid Lake Map",
	"blighted-armoury-map":"Blighted Armoury Map",
	"blighted-arsenal-map":"Blighted Arsenal Map",
	"blighted-ashen-wood-map":"Blighted Ashen Wood Map",
	"blighted-atoll-map":"Blighted Atoll Map",
	"blighted-barrows-map":"Blighted Barrows Map",
	"blighted-basilica-map":"Blighted Basilica Map",
	"blighted-bazaar-map":"Blighted Bazaar Map",
	"blighted-beach-map":"Blighted Beach Map",
	"blighted-belfry-map":"Blighted Belfry Map",
	"blighted-bog-map":"Blighted Bog Map",
	"blighted-burial-chambers-map":"Blighted Burial Chambers Map",
	"blighted-cage-map":"Blighted Cage Map",
	"blighted-canyon-map":"Blighted Canyon Map",
	"blighted-castle-ruins-map":"Blighted Castle Ruins Map",
	"blighted-cemetery-map":"Blighted Cemetery Map",
	"blighted-chateau-map":"Blighted Chateau Map",
	"blighted-city-square-map":"Blighted City Square Map",
	"blighted-colonnade-map":"Blighted Colonnade Map",
	"blighted-conservatory-map":"Blighted Conservatory Map",
	"blighted-coral-ruins-map":"Blighted Coral Ruins Map",
	"blighted-courthouse-map":"Blighted Courthouse Map",
	"blighted-courtyard-map":"Blighted Courtyard Map",
	"blighted-coves-map":"Blighted Coves Map",
	"blighted-crimson-temple-map":"Blighted Crimson Temple Map",
	"blighted-dark-forest-map":"Blighted Dark Forest Map",
	"blighted-defiled-cathedral-map":"Blighted Defiled Cathedral Map",
	"blighted-desert-map":"Blighted Desert Map",
	"blighted-desert-spring-map":"Blighted Desert Spring Map",
	"blighted-dig-map":"Blighted Dig Map",
	"blighted-dunes-map":"Blighted Dunes Map",
	"blighted-estuary-map":"Blighted Estuary Map",
	"blighted-fields-map":"Blighted Fields Map",
	"blighted-geode-map":"Blighted Geode Map",
	"blighted-ghetto-map":"Blighted Ghetto Map",
	"blighted-graveyard-map":"Blighted Graveyard Map",
	"blighted-haunted-mansion-map":"Blighted Haunted Mansion Map",
	"blighted-iceberg-map":"Blighted Iceberg Map",
	"blighted-infested-valley-map":"Blighted Infested Valley Map",
	"blighted-ivory-temple-map":"Blighted Ivory Temple Map",
	"blighted-jungle-valley-map":"Blighted Jungle Valley Map",
	"blighted-lava-chamber-map":"Blighted Lava Chamber Map",
	"blighted-lava-lake-map":"Blighted Lava Lake Map",
	"blighted-leyline-map":"Blighted Leyline Map",
	"blighted-lighthouse-map":"Blighted Lighthouse Map",
	"blighted-marshes-map":"Blighted Marshes Map",
	"blighted-mesa-map":"Blighted Mesa Map",
	"blighted-mineral-pools-map":"Blighted Mineral Pools Map",
	"blighted-moon-temple-map":"Blighted Moon Temple Map",
	"blighted-mud-geyser-map":"Blighted Mud Geyser Map",
	"blighted-orchard-map":"Blighted Orchard Map",
	"blighted-palace-map":"Blighted Palace Map",
	"blighted-park-map":"Blighted Park Map",
	"blighted-pen-map":"Blighted Pen Map",
	"blighted-peninsula-map":"Blighted Peninsula Map",
	"blighted-pit-map":"Blighted Pit Map",
	"blighted-plateau-map":"Blighted Plateau Map",
	"blighted-plaza-map":"Blighted Plaza Map",
	"blighted-port-map":"Blighted Port Map",
	"blighted-precinct-map":"Blighted Precinct Map",
	"blighted-primordial-blocks-map":"Blighted Primordial Blocks Map",
	"blighted-primordial-pool-map":"Blighted Primordial Pool Map",
	"blighted-promenade-map":"Blighted Promenade Map",
	"blighted-racecourse-map":"Blighted Racecourse Map",
	"blighted-ramparts-map":"Blighted Ramparts Map",
	"blighted-reef-map":"Blighted Reef Map",
	"blighted-relic-chambers-map":"Blighted Relic Chambers Map",
	"blighted-sepulchre-map":"Blighted Sepulchre Map",
	"blighted-shipyard-map":"Blighted Shipyard Map",
	"blighted-shore-map":"Blighted Shore Map",
	"blighted-shrine-map":"Blighted Shrine Map",
	"blighted-siege-map":"Blighted Siege Map",
	"blighted-spider-forest-map":"Blighted Spider Forest Map",
	"blighted-spider-lair-map":"Blighted Spider Lair Map",
	"blighted-strand-map":"Blighted Strand Map",
	"blighted-sulphur-vents-map":"Blighted Sulphur Vents Map",
	"blighted-summit-map":"Blighted Summit Map",
	"blighted-temple-map":"Blighted Temple Map",
	"blighted-terrace-map":"Blighted Terrace Map",
	"blighted-thicket-map":"Blighted Thicket Map",
	"blighted-tropical-island-map":"Blighted Tropical Island Map",
	"blighted-underground-sea-map":"Blighted Underground Sea Map",
	"blighted-vault-map":"Blighted Vault Map",
	"blighted-villa-map":"Blighted Villa Map",
	"blighted-volcano-map":"Blighted Volcano Map",
	"blighted-wasteland-map":"Blighted Wasteland Map",
	"blighted-wharf-map":"Blighted Wharf Map",
	"blind-venture":"Blind Venture",
	"bloodstained-fossil":"Bloodstained Fossil",
	"bog-map-tier-10":"Bog Map",
	"bog-map-tier-11":"Bog Map",
	"bog-map-tier-14":"Bog Map",
	"bog-map-tier-3":"Bog Map",
	"bog-map-tier-6":"Bog Map",
	"bone-crypt-map-tier-11":"Bone Crypt Map",
	"bone-crypt-map-tier-12":"Bone Crypt Map",
	"bone-crypt-map-tier-15":"Bone Crypt Map",
	"bone-crypt-map-tier-4":"Bone Crypt Map",
	"bone-crypt-map-tier-7":"Bone Crypt Map",
	"boon-of-justice":"Boon of Justice",
	"boon-of-the-first-ones":"Boon of the First Ones",
	"bound-fossil":"Bound Fossil",
	"boundless-realms":"Boundless Realms",
	"bowyers-dream":"Bowyer's Dream",
	"burial-chambers-map-tier-11":"Burial Chambers Map",
	"burial-chambers-map-tier-14":"Burial Chambers Map",
	"burial-chambers-map-tier-6":"Burial Chambers Map",
	"burial-chambers-map-tier-9":"Burial Chambers Map",
	"buried-treasure":"Buried Treasure",
	"burning-blood":"Burning Blood",
	"cage-map-tier-10":"Cage Map",
	"cage-map-tier-12":"Cage Map",
	"cage-map-tier-14":"Cage Map",
	"cage-map-tier-3":"Cage Map",
	"cage-map-tier-7":"Cage Map",
	"caldera-map-tier-11":"Caldera Map",
	"caldera-map-tier-12":"Caldera Map",
	"caldera-map-tier-15":"Caldera Map",
	"caldera-map-tier-5":"Caldera Map",
	"caldera-map-tier-8":"Caldera Map",
	"call-to-the-first-ones":"Call to the First Ones",
	"camerias-cut":"Cameria's Cut",
	"canyon-map-tier-12":"Canyon Map",
	"canyon-map-tier-14":"Canyon Map",
	"canyon-map-tier-16":"Canyon Map",
	"canyon-map-tier-5":"Canyon Map",
	"canyon-map-tier-8":"Canyon Map",
	"carcass-map-tier-16":"Carcass Map",
	"cartographers-delight":"Cartographer's Delight",
	"cartographers-incubator":"Cartographer's Incubator",
	"castle-ruins-map-tier-12":"Castle Ruins Map",
	"castle-ruins-map-tier-13":"Castle Ruins Map",
	"castle-ruins-map-tier-15":"Castle Ruins Map",
	"castle-ruins-map-tier-5":"Castle Ruins Map",
	"castle-ruins-map-tier-8":"Castle Ruins Map",
	"celestial-armoursmiths-incubator":"Celestial Armoursmith's Incubator",
	"celestial-blacksmiths-incubator":"Celestial Blacksmith's Incubator",
	"celestial-jewellers-incubator":"Celestial Jeweller's Incubator",
	"cells-map-tier-10":"Cells Map",
	"cells-map-tier-13":"Cells Map",
	"cells-map-tier-15":"Cells Map",
	"cemetery-map-tier-10":"Cemetery Map",
	"cemetery-map-tier-11":"Cemetery Map",
	"cemetery-map-tier-14":"Cemetery Map",
	"cemetery-map-tier-3":"Cemetery Map",
	"cemetery-map-tier-7":"Cemetery Map",
	"chance":"Orb of Chance",
	"channel-map-tier-13":"Channel Map",
	"channel-map-tier-15":"Channel Map",
	"chaos":"Chaos Orb",
	"chaos-shard":"Chaos Shard",
	"chaotic-disposition":"Chaotic Disposition",
	"chateau-map-tier-12":"Chateau Map",
	"chateau-map-tier-14":"Chateau Map",
	"chateau-map-tier-16":"Chateau Map",
	"chateau-map-tier-5":"Chateau Map",
	"chateau-map-tier-9":"Chateau Map",
	"chayulas-breachstone":"Chayula's Breachstone",
	"chayulas-charged-breachstone":"Chayula's Charged Breachstone",
	"chayulas-enriched-breachstone":"Chayula's Enriched Breachstone",
	"chayulas-pure-breachstone":"Chayula's Pure Breachstone",
	"chimer":"Fragment of the Chimera",
	"chisel":"Cartographer's Chisel",
	"chrom":"Chromatic Orb",
	"city-square-map-tier-11":"City Square Map",
	"city-square-map-tier-14":"City Square Map",
	"clear-oil":"Clear Oil",
	"colonnade-map-tier-11":"Colonnade Map",
	"colonnade-map-tier-13":"Colonnade Map",
	"colonnade-map-tier-16":"Colonnade Map",
	"colonnade-map-tier-4":"Colonnade Map",
	"colonnade-map-tier-8":"Colonnade Map",
	"colosseum-map-tier-12":"Colosseum Map",
	"colosseum-map-tier-14":"Colosseum Map",
	"colosseum-map-tier-16":"Colosseum Map",
	"conservatory-map-tier-10":"Conservatory Map",
	"conservatory-map-tier-12":"Conservatory Map",
	"conservatory-map-tier-14":"Conservatory Map",
	"conservatory-map-tier-4":"Conservatory Map",
	"conservatory-map-tier-7":"Conservatory Map",
	"coral-ruins-map-tier-15":"Coral Ruins Map",
	"core-map-tier-11":"Core Map",
	"core-map-tier-13":"Core Map",
	"core-map-tier-15":"Core Map",
	"corroded-fossil":"Corroded Fossil",
	"courthouse-map-tier-12":"Courthouse Map",
	"courthouse-map-tier-13":"Courthouse Map",
	"courthouse-map-tier-15":"Courthouse Map",
	"courthouse-map-tier-9":"Courthouse Map",
	"courtyard-map-tier-11":"Courtyard Map",
	"courtyard-map-tier-13":"Courtyard Map",
	"courtyard-map-tier-15":"Courtyard Map",
	"courtyard-map-tier-4":"Courtyard Map",
	"courtyard-map-tier-8":"Courtyard Map",
	"coves-map-tier-10":"Coves Map",
	"coves-map-tier-12":"Coves Map",
	"coves-map-tier-15":"Coves Map",
	"coves-map-tier-3":"Coves Map",
	"coves-map-tier-7":"Coves Map",
	"coveted-possession":"Coveted Possession",
	"crater-map-tier-11":"Crater Map",
	"crater-map-tier-14":"Crater Map",
	"crimson-oil":"Crimson Oil",
	"crimson-temple-map-tier-14":"Crimson Temple Map",
	"crimson-temple-map-tier-16":"Crimson Temple Map",
	"crystal-ore-map-tier-11":"Crystal Ore Map",
	"crystal-ore-map-tier-13":"Crystal Ore Map",
	"crystal-ore-map-tier-16":"Crystal Ore Map",
	"crystal-ore-map-tier-4":"Crystal Ore Map",
	"crystal-ore-map-tier-7":"Crystal Ore Map",
	"cursed-crypt-map-tier-11":"Cursed Crypt Map",
	"cursed-crypt-map-tier-14":"Cursed Crypt Map",
	"cursed-crypt-map-tier-2":"Cursed Crypt Map",
	"cursed-crypt-map-tier-6":"Cursed Crypt Map",
	"cursed-crypt-map-tier-9":"Cursed Crypt Map",
	"dark-dreams":"Dark Dreams",
	"dark-forest-map-tier-14":"Dark Forest Map",
	"dark-forest-map-tier-16":"Dark Forest Map",
	"dark-temptation":"Dark Temptation",
	"dawn":"Sacrifice at Dawn",
	"deafening-essence-of-anger":"Deafening Essence of Anger",
	"deafening-essence-of-anguish":"Deafening Essence of Anguish",
	"deafening-essence-of-contempt":"Deafening Essence of Contempt",
	"deafening-essence-of-doubt":"Deafening Essence of Doubt",
	"deafening-essence-of-dread":"Deafening Essence of Dread",
	"deafening-essence-of-envy":"Deafening Essence of Envy",
	"deafening-essence-of-fear":"Deafening Essence of Fear",
	"deafening-essence-of-greed":"Deafening Essence of Greed",
	"deafening-essence-of-hatred":"Deafening Essence of Hatred",
	"deafening-essence-of-loathing":"Deafening Essence of Loathing",
	"deafening-essence-of-misery":"Deafening Essence of Misery",
	"deafening-essence-of-rage":"Deafening Essence of Rage",
	"deafening-essence-of-scorn":"Deafening Essence of Scorn",
	"deafening-essence-of-sorrow":"Deafening Essence of Sorrow",
	"deafening-essence-of-spite":"Deafening Essence of Spite",
	"deafening-essence-of-suffering":"Deafening Essence of Suffering",
	"deafening-essence-of-torment":"Deafening Essence of Torment",
	"deafening-essence-of-woe":"Deafening Essence of Woe",
	"deafening-essence-of-wrath":"Deafening Essence of Wrath",
	"deafening-essence-of-zeal":"Deafening Essence of Zeal",
	"death":"Death",
	"deathly-designs":"Deathly Designs",
	"decadent-incubator":"Decadent Incubator",
	"defiled-cathedral-map-tier-10":"Defiled Cathedral Map",
	"defiled-cathedral-map-tier-12":"Defiled Cathedral Map",
	"defiled-cathedral-map-tier-14":"Defiled Cathedral Map",
	"defiled-cathedral-map-tier-4":"Defiled Cathedral Map",
	"defiled-cathedral-map-tier-7":"Defiled Cathedral Map",
	"demigods-wager":"Demigod's Wager",
	"dense-fossil":"Dense Fossil",
	"desert-map-tier-11":"Desert Map",
	"desert-map-tier-14":"Desert Map",
	"desert-map-tier-2":"Desert Map",
	"desert-map-tier-6":"Desert Map",
	"desert-map-tier-9":"Desert Map",
	"desert-spring-map-tier-15":"Desert Spring Map",
	"destined-to-crumble":"Destined to Crumble",
	"diallas-subjugation":"Dialla's Subjugation",
	"dig-map-tier-11":"Dig Map",
	"dig-map-tier-13":"Dig Map",
	"dig-map-tier-15":"Dig Map",
	"divine":"Divine Orb",
	"divine-justice":"Divine Justice",
	"divine-vessel":"Divine Vessel",
	"diviners-incubator":"Diviner's Incubator",
	"doedres-madness":"Doedre's Madness",
	"dunes-map-tier-10":"Dunes Map",
	"dunes-map-tier-11":"Dunes Map",
	"dunes-map-tier-14":"Dunes Map",
	"dunes-map-tier-3":"Dunes Map",
	"dunes-map-tier-7":"Dunes Map",
	"dungeon-map-tier-11":"Dungeon Map",
	"dungeon-map-tier-14":"Dungeon Map",
	"dusk":"Sacrifice at Dusk",
	"dying-anguish":"Dying Anguish",
	"earth-drinker":"Earth Drinker",
	"eber":"Eber's Key",
	"echoes-of-love":"Echoes of Love",
	"eldritch-incubator":"Eldritch Incubator",
	"emperor-of-purity":"Emperor of Purity",
	"emperors-luck":"Emperor's Luck",
	"enchanted-fossil":"Enchanted Fossil",
	"enchanted-incubator":"Enchanted Incubator",
	"encrusted-fossil":"Encrusted Fossil",
	"engineers-orb":"Engineer's Orb",
	"engineers-shard":"Engineer's Shard",
	"eshs-breachstone":"Esh's Breachstone",
	"eshs-charged-breachstone":"Esh's Charged Breachstone",
	"eshs-enriched-breachstone":"Esh's Enriched Breachstone",
	"eshs-pure-breachstone":"Esh's Pure Breachstone",
	"essence-of-delirium":"Essence of Delirium",
	"essence-of-horror":"Essence of Horror",
	"essence-of-hysteria":"Essence of Hysteria",
	"essence-of-insanity":"Essence of Insanity",
	"estuary-map-tier-10":"Estuary Map",
	"estuary-map-tier-12":"Estuary Map",
	"estuary-map-tier-15":"Estuary Map",
	"estuary-map-tier-4":"Estuary Map",
	"estuary-map-tier-7":"Estuary Map",
	"etched-in-blood":"Etched in Blood",
	"ete":"Eternal Orb",
	"exa":"Exalted Orb",
	"exalted-shard":"Exalted Shard",
	"excavation-map-tier-10":"Excavation Map",
	"excavation-map-tier-12":"Excavation Map",
	"excavation-map-tier-14":"Excavation Map",
	"excavation-map-tier-6":"Excavation Map",
	"faceted-fossil":"Faceted Fossil",
	"factory-map-tier-11":"Factory Map",
	"factory-map-tier-14":"Factory Map",
	"factory-map-tier-9":"Factory Map",
	"feral-incubator":"Feral Incubator",
	"fertile-catalyst":"Fertile Catalyst",
	"fields-map-tier-11":"Fields Map",
	"fields-map-tier-14":"Fields Map",
	"fields-map-tier-2":"Fields Map",
	"fields-map-tier-5":"Fields Map",
	"fields-map-tier-9":"Fields Map",
	"fine-incubator":"Fine Incubator",
	"flooded-mine-map-tier-12":"Flooded Mine Map",
	"flooded-mine-map-tier-14":"Flooded Mine Map",
	"flooded-mine-map-tier-9":"Flooded Mine Map",
	"forbidden-power":"Forbidden Power",
	"foreboding-incubator":"Foreboding Incubator",
	"forge-of-the-phoenix-map":"Forge of the Phoenix Map",
	"fossilised-incubator":"Fossilised Incubator",
	"fractured-fossil":"Fractured Fossil",
	"fragment-of-constriction":"Fragment of Constriction",
	"fragment-of-emptiness":"Fragment of Emptiness",
	"fragment-of-enslavement":"Fragment of Enslavement",
	"fragment-of-eradication":"Fragment of Eradication",
	"fragment-of-knowledge":"Fragment of Knowledge",
	"fragment-of-purification":"Fragment of Purification",
	"fragment-of-shape":"Fragment of Shape",
	"fragment-of-terror":"Fragment of Terror",
	"fragmented-incubator":"Fragmented Incubator",
	"friendship":"Friendship",
	"frigid-fossil":"Frigid Fossil",
	"fungal-hollow-map-tier-11":"Fungal Hollow Map",
	"fungal-hollow-map-tier-14":"Fungal Hollow Map",
	"fungal-hollow-map-tier-2":"Fungal Hollow Map",
	"fungal-hollow-map-tier-5":"Fungal Hollow Map",
	"fungal-hollow-map-tier-9":"Fungal Hollow Map",
	"fuse":"Orb of Fusing",
	"gardens-map-tier-12":"Gardens Map",
	"gardens-map-tier-13":"Gardens Map",
	"gardens-map-tier-16":"Gardens Map",
	"gardens-map-tier-9":"Gardens Map",
	"gcp":"Gemcutter's Prism",
	"gemcutters-incubator":"Gemcutter's Incubator",
	"gemcutters-promise":"Gemcutter's Promise",
	"geode-map-tier-11":"Geode Map",
	"geode-map-tier-13":"Geode Map",
	"geode-map-tier-15":"Geode Map",
	"geode-map-tier-4":"Geode Map",
	"geode-map-tier-8":"Geode Map",
	"geomancers-incubator":"Geomancer's Incubator",
	"ghetto-map-tier-12":"Ghetto Map",
	"ghetto-map-tier-14":"Ghetto Map",
	"gift-of-the-gemling-queen":"Gift of the Gemling Queen",
	"gilded-ambush-scarab":"Gilded Ambush Scarab",
	"gilded-bestiary-scarab":"Gilded Bestiary Scarab",
	"gilded-breach-scarab":"Gilded Breach Scarab",
	"gilded-cartography-scarab":"Gilded Cartography Scarab",
	"gilded-divination-scarab":"Gilded Divination Scarab",
	"gilded-elder-scarab":"Gilded Elder Scarab",
	"gilded-fossil":"Gilded Fossil",
	"gilded-harbinger-scarab":"Gilded Harbinger Scarab",
	"gilded-legion-scarab":"Gilded Legion Scarab",
	"gilded-perandus-scarab":"Gilded Perandus Scarab",
	"gilded-reliquary-scarab":"Gilded Reliquary Scarab",
	"gilded-shaper-scarab":"Gilded Shaper Scarab",
	"gilded-sulphite-scarab":"Gilded Sulphite Scarab",
	"gilded-torment-scarab":"Gilded Torment Scarab",
	"glacier-map-tier-11":"Glacier Map",
	"glacier-map-tier-14":"Glacier Map",
	"glacier-map-tier-2":"Glacier Map",
	"glacier-map-tier-6":"Glacier Map",
	"glacier-map-tier-9":"Glacier Map",
	"glimmer-of-hope":"Glimmer of Hope",
	"glyphic-fossil":"Glyphic Fossil",
	"golden-oil":"Golden Oil",
	"grave-knowledge":"Grave Knowledge",
	"graveyard-map-tier-11":"Graveyard Map",
	"graveyard-map-tier-14":"Graveyard Map",
	"graveyard-map-tier-2":"Graveyard Map",
	"graveyard-map-tier-6":"Graveyard Map",
	"graveyard-map-tier-9":"Graveyard Map",
	"grie":"Mortal Grief",
	"grotto-map-tier-15":"Grotto Map",
	"harbingers-orb":"Harbinger's Orb",
	"harbingers-shard":"Harbinger's Shard",
	"harmony-of-souls":"Harmony of Souls",
	"haunted-mansion-map-tier-11":"Haunted Mansion Map",
	"haunted-mansion-map-tier-14":"Haunted Mansion Map",
	"haunted-mansion-map-tier-2":"Haunted Mansion Map",
	"haunted-mansion-map-tier-5":"Haunted Mansion Map",
	"haunted-mansion-map-tier-9":"Haunted Mansion Map",
	"her-mask":"Her Mask",
	"heterochromia":"Heterochromia",
	"hollow-fossil":"Hollow Fossil",
	"hope":"Mortal Hope",
	"hope-card":"Hope",
	"horizon-shard":"Horizon Shard",
	"house-of-mirrors":"House of Mirrors",
	"hubris":"Hubris",
	"humility":"Humility",
	"hunters-resolve":"Hunter's Resolve",
	"hunters-reward":"Hunter's Reward",
	"hydra":"Fragment of the Hydra",
	"iceberg-map-tier-11":"Iceberg Map",
	"iceberg-map-tier-14":"Iceberg Map",
	"iceberg-map-tier-9":"Iceberg Map",
	"ign":"Mortal Ignorance",
	"imbued-catalyst":"Imbued Catalyst",
	"immortal-resolve":"Immortal Resolve",
	"imperial-legacy":"Imperial Legacy",
	"infested-valley-map-tier-14":"Infested Valley Map",
	"infused-incubator":"Infused Incubator",
	"intrinsic-catalyst":"Intrinsic Catalyst",
	"inya":"Inya's Key",
	"ivory-temple-map-tier-14":"Ivory Temple Map",
	"jack-in-the-box":"Jack in the Box",
	"jagged-fossil":"Jagged Fossil",
	"jew":"Jeweller's Orb",
	"journeyman-sextant":"Prime Sextant",
	"jungle-valley-map-tier-1":"Jungle Valley Map",
	"jungle-valley-map-tier-10":"Jungle Valley Map",
	"jungle-valley-map-tier-14":"Jungle Valley Map",
	"jungle-valley-map-tier-4":"Jungle Valley Map",
	"jungle-valley-map-tier-8":"Jungle Valley Map",
	"key-to-decay":"Key to Decay",
	"laboratory-map-tier-11":"Laboratory Map",
	"laboratory-map-tier-14":"Laboratory Map",
	"laboratory-map-tier-2":"Laboratory Map",
	"laboratory-map-tier-6":"Laboratory Map",
	"laboratory-map-tier-9":"Laboratory Map",
	"lair-map-tier-12":"Lair Map",
	"lair-map-tier-13":"Lair Map",
	"lair-map-tier-15":"Lair Map",
	"lair-map-tier-8":"Lair Map",
	"lair-of-the-hydra-map":"Lair of the Hydra Map",
	"lantadors-lost-love":"Lantador's Lost Love",
	"last-hope":"Last Hope",
	"lava-chamber-map-tier-11":"Lava Chamber Map",
	"lava-chamber-map-tier-14":"Lava Chamber Map",
	"lava-chamber-map-tier-16":"Lava Chamber Map",
	"lava-chamber-map-tier-4":"Lava Chamber Map",
	"lava-chamber-map-tier-7":"Lava Chamber Map",
	"lava-lake-map-tier-15":"Lava Lake Map",
	"left-to-fate":"Left to Fate",
	"leyline-map-tier-10":"Leyline Map",
	"leyline-map-tier-12":"Leyline Map",
	"leyline-map-tier-14":"Leyline Map",
	"leyline-map-tier-3":"Leyline Map",
	"leyline-map-tier-6":"Leyline Map",
	"light-and-truth":"Light and Truth",
	"lighthouse-map-tier-10":"Lighthouse Map",
	"lighthouse-map-tier-12":"Lighthouse Map",
	"lighthouse-map-tier-15":"Lighthouse Map",
	"lingering-remnants":"Lingering Remnants",
	"lookout-map-tier-11":"Lookout Map",
	"lookout-map-tier-14":"Lookout Map",
	"lookout-map-tier-2":"Lookout Map",
	"lookout-map-tier-6":"Lookout Map",
	"lookout-map-tier-9":"Lookout Map",
	"lost-worlds":"Lost Worlds",
	"loyalty":"Loyalty",
	"lucent-fossil":"Lucent Fossil",
	"lucky-connections":"Lucky Connections",
	"lucky-deck":"Lucky Deck",
	"lysahs-respite":"Lysah's Respite",
	"maddening-object":"Maddening Object",
	"malformation-map-tier-14":"Malformation Map",
	"malformation-map-tier-16":"Malformation Map",
	"marshes-map-tier-11":"Marshes Map",
	"marshes-map-tier-14":"Marshes Map",
	"marshes-map-tier-5":"Marshes Map",
	"marshes-map-tier-9":"Marshes Map",
	"master-sextant":"Awakened Sextant",
	"mausoleum-map-tier-11":"Mausoleum Map",
	"mausoleum-map-tier-14":"Mausoleum Map",
	"mausoleum-map-tier-2":"Mausoleum Map",
	"mausoleum-map-tier-5":"Mausoleum Map",
	"mausoleum-map-tier-9":"Mausoleum Map",
	"mawr-blaidd":"Mawr Blaidd",
	"maze-map-tier-11":"Maze Map",
	"maze-map-tier-14":"Maze Map",
	"maze-map-tier-9":"Maze Map",
	"maze-of-the-minotaur-map":"Maze of the Minotaur Map",
	"merciless-armament":"Merciless Armament",
	"mesa-map-tier-10":"Mesa Map",
	"mesa-map-tier-11":"Mesa Map",
	"mesa-map-tier-14":"Mesa Map",
	"mesa-map-tier-3":"Mesa Map",
	"mesa-map-tier-6":"Mesa Map",
	"metallic-fossil":"Metallic Fossil",
	"mid":"Sacrifice at Midnight",
	"might-is-right":"Might is Right",
	"mineral-pools-map-tier-14":"Mineral Pools Map",
	"minot":"Fragment of the Minotaur",
	"mir":"Mirror of Kalandra",
	"mirror-shard":"Mirror Shard",
	"mitts":"Mitts",
	"monochrome":"Monochrome",
	"moon-temple-map-tier-10":"Moon Temple Map",
	"moon-temple-map-tier-12":"Moon Temple Map",
	"moon-temple-map-tier-14":"Moon Temple Map",
	"moon-temple-map-tier-3":"Moon Temple Map",
	"moon-temple-map-tier-7":"Moon Temple Map",
	"more-is-never-enough":"More is Never Enough",
	"mortal-set":"Mortal Set",
	"mud-geyser-map-tier-10":"Mud Geyser Map",
	"mud-geyser-map-tier-11":"Mud Geyser Map",
	"mud-geyser-map-tier-14":"Mud Geyser Map",
	"mud-geyser-map-tier-3":"Mud Geyser Map",
	"mud-geyser-map-tier-6":"Mud Geyser Map",
	"museum-map-tier-10":"Museum Map",
	"museum-map-tier-12":"Museum Map",
	"museum-map-tier-14":"Museum Map",
	"museum-map-tier-3":"Museum Map",
	"museum-map-tier-6":"Museum Map",
	"muttering-essence-of-anger":"Muttering Essence of Anger",
	"muttering-essence-of-contempt":"Muttering Essence of Contempt",
	"muttering-essence-of-fear":"Muttering Essence of Fear",
	"muttering-essence-of-greed":"Muttering Essence of Greed",
	"muttering-essence-of-hatred":"Muttering Essence of Hatred",
	"muttering-essence-of-sorrow":"Muttering Essence of Sorrow",
	"muttering-essence-of-torment":"Muttering Essence of Torment",
	"muttering-essence-of-woe":"Muttering Essence of Woe",
	"mysterious-incubator":"Mysterious Incubator",
	"necropolis-map-tier-15":"Necropolis Map",
	"no-traces":"No Traces",
	"nooks-crown":"Nook's Crown",
	"noon":"Sacrifice at Noon",
	"obscured-incubator":"Obscured Incubator",
	"offer":"Offering to the Goddess",
	"opalescent-oil":"Opalescent Oil",
	"orb-of-annulment":"Orb of Annulment",
	"orb-of-binding":"Orb of Binding",
	"orb-of-horizons":"Orb of Horizons",
	"orchard-map-tier-11":"Orchard Map",
	"orchard-map-tier-14":"Orchard Map",
	"orchard-map-tier-2":"Orchard Map",
	"orchard-map-tier-6":"Orchard Map",
	"orchard-map-tier-9":"Orchard Map",
	"ornate-incubator":"Ornate Incubator",
	"otherworldly-incubator":"Otherworldly Incubator",
	"overgrown-ruin-map-tier-10":"Overgrown Ruin Map",
	"overgrown-ruin-map-tier-12":"Overgrown Ruin Map",
	"overgrown-ruin-map-tier-15":"Overgrown Ruin Map",
	"overgrown-ruin-map-tier-3":"Overgrown Ruin Map",
	"overgrown-ruin-map-tier-7":"Overgrown Ruin Map",
	"overgrown-shrine-map-tier-13":"Overgrown Shrine Map",
	"overgrown-shrine-map-tier-16":"Overgrown Shrine Map",
	"p":"Perandus Coin",
	"palace-map-tier-15":"Palace Map",
	"pale-court-set":"Pale Court Set",
	"park-map-tier-11":"Park Map",
	"park-map-tier-12":"Park Map",
	"park-map-tier-15":"Park Map",
	"park-map-tier-4":"Park Map",
	"park-map-tier-8":"Park Map",
	"pen-map-tier-12":"Pen Map",
	"pen-map-tier-14":"Pen Map",
	"pen-map-tier-3":"Pen Map",
	"pen-map-tier-6":"Pen Map",
	"pen-map-tier-9":"Pen Map",
	"peninsula-map-tier-11":"Peninsula Map",
	"peninsula-map-tier-14":"Peninsula Map",
	"peninsula-map-tier-2":"Peninsula Map",
	"peninsula-map-tier-5":"Peninsula Map",
	"peninsula-map-tier-9":"Peninsula Map",
	"perfect-fossil":"Perfect Fossil",
	"perfection":"Perfection",
	"phantasmagoria-map-tier-11":"Phantasmagoria Map",
	"phantasmagoria-map-tier-13":"Phantasmagoria Map",
	"phantasmagoria-map-tier-15":"Phantasmagoria Map",
	"phantasmagoria-map-tier-4":"Phantasmagoria Map",
	"phantasmagoria-map-tier-7":"Phantasmagoria Map",
	"phoenix":"Fragment of the Phoenix",
	"pier-map-tier-1":"Pier Map",
	"pier-map-tier-10":"Pier Map",
	"pier-map-tier-14":"Pier Map",
	"pier-map-tier-4":"Pier Map",
	"pier-map-tier-8":"Pier Map",
	"pit-map-tier-10":"Pit Map",
	"pit-map-tier-12":"Pit Map",
	"pit-map-tier-14":"Pit Map",
	"pit-map-tier-4":"Pit Map",
	"pit-map-tier-7":"Pit Map",
	"pit-of-the-chimera-map":"Pit of the Chimera Map",
	"plateau-map-tier-13":"Plateau Map",
	"plateau-map-tier-16":"Plateau Map",
	"plaza-map-tier-12":"Plaza Map",
	"plaza-map-tier-14":"Plaza Map",
	"plaza-map-tier-16":"Plaza Map",
	"plaza-map-tier-4":"Plaza Map",
	"plaza-map-tier-8":"Plaza Map",
	"polished-ambush-scarab":"Polished Ambush Scarab",
	"polished-bestiary-scarab":"Polished Bestiary Scarab",
	"polished-breach-scarab":"Polished Breach Scarab",
	"polished-cartography-scarab":"Polished Cartography Scarab",
	"polished-divination-scarab":"Polished Divination Scarab",
	"polished-elder-scarab":"Polished Elder Scarab",
	"polished-harbinger-scarab":"Polished Harbinger Scarab",
	"polished-legion-scarab":"Polished Legion Scarab",
	"polished-perandus-scarab":"Polished Perandus Scarab",
	"polished-reliquary-scarab":"Polished Reliquary Scarab",
	"polished-shaper-scarab":"Polished Shaper Scarab",
	"polished-sulphite-scarab":"Polished Sulphite Scarab",
	"polished-torment-scarab":"Polished Torment Scarab",
	"port":"Portal Scroll",
	"port-map-tier-10":"Port Map",
	"port-map-tier-12":"Port Map",
	"port-map-tier-15":"Port Map",
	"port-map-tier-6":"Port Map",
	"potent-alchemical-resonator":"Potent Alchemical Resonator",
	"potent-chaotic-resonator":"Potent Chaotic Resonator",
	"powerful-alchemical-resonator":"Powerful Alchemical Resonator",
	"powerful-chaotic-resonator":"Powerful Chaotic Resonator",
	"precinct-map-tier-12":"Precinct Map",
	"precinct-map-tier-14":"Precinct Map",
	"precinct-map-tier-15":"Precinct Map",
	"precinct-map-tier-7":"Precinct Map",
	"pride-before-the-fall":"Pride Before the Fall",
	"pride-of-the-first-ones":"Pride of the First Ones",
	"primal-incubator":"Primal Incubator",
	"prime-alchemical-resonator":"Prime Alchemical Resonator",
	"prime-chaotic-resonator":"Prime Chaotic Resonator",
	"primitive-alchemical-resonator":"Primitive Alchemical Resonator",
	"primitive-chaotic-resonator":"Primitive Chaotic Resonator",
	"primordial-blocks-map-tier-12":"Primordial Blocks Map",
	"primordial-blocks-map-tier-14":"Primordial Blocks Map",
	"primordial-blocks-map-tier-16":"Primordial Blocks Map",
	"primordial-pool-map-tier-10":"Primordial Pool Map",
	"primordial-pool-map-tier-12":"Primordial Pool Map",
	"primordial-pool-map-tier-15":"Primordial Pool Map",
	"primordial-pool-map-tier-3":"Primordial Pool Map",
	"primordial-pool-map-tier-6":"Primordial Pool Map",
	"prismatic-catalyst":"Prismatic Catalyst",
	"prismatic-fossil":"Prismatic Fossil",
	"pristine-fossil":"Pristine Fossil",
	"promenade-map-tier-16":"Promenade Map",
	"prosperity":"Prosperity",
	"racecourse-map-tier-10":"Racecourse Map",
	"racecourse-map-tier-11":"Racecourse Map",
	"racecourse-map-tier-14":"Racecourse Map",
	"racecourse-map-tier-3":"Racecourse Map",
	"racecourse-map-tier-6":"Racecourse Map",
	"rage":"Mortal Rage",
	"rain-of-chaos":"Rain of Chaos",
	"rain-tempter":"Rain Tempter",
	"ramparts-map-tier-11":"Ramparts Map",
	"ramparts-map-tier-14":"Ramparts Map",
	"ramparts-map-tier-2":"Ramparts Map",
	"ramparts-map-tier-6":"Ramparts Map",
	"ramparts-map-tier-9":"Ramparts Map",
	"rats":"Rats",
	"rebirth":"Rebirth",
	"reef-map-tier-11":"Reef Map",
	"reef-map-tier-13":"Reef Map",
	"reef-map-tier-15":"Reef Map",
	"reef-map-tier-5":"Reef Map",
	"reef-map-tier-8":"Reef Map",
	"regal":"Regal Orb",
	"regal-shard":"Regal Shard",
	"regret":"Orb of Regret",
	"relic-chambers-map-tier-10":"Relic Chambers Map",
	"relic-chambers-map-tier-11":"Relic Chambers Map",
	"relic-chambers-map-tier-14":"Relic Chambers Map",
	"relic-chambers-map-tier-3":"Relic Chambers Map",
	"relic-chambers-map-tier-7":"Relic Chambers Map",
	"remnant-of-corruption":"Remnant of Corruption",
	"residence-map-tier-10":"Residence Map",
	"residence-map-tier-12":"Residence Map",
	"residence-map-tier-14":"Residence Map",
	"rusted-ambush-scarab":"Rusted Ambush Scarab",
	"rusted-bestiary-scarab":"Rusted Bestiary Scarab",
	"rusted-breach-scarab":"Rusted Breach Scarab",
	"rusted-cartography-scarab":"Rusted Cartography Scarab",
	"rusted-divination-scarab":"Rusted Divination Scarab",
	"rusted-elder-scarab":"Rusted Elder Scarab",
	"rusted-harbinger-scarab":"Rusted Harbinger Scarab",
	"rusted-legion-scarab":"Rusted Legion Scarab",
	"rusted-perandus-scarab":"Rusted Perandus Scarab",
	"rusted-reliquary-scarab":"Rusted Reliquary Scarab",
	"rusted-shaper-scarab":"Rusted Shaper Scarab",
	"rusted-sulphite-scarab":"Rusted Sulphite Scarab",
	"rusted-torment-scarab":"Rusted Torment Scarab",
	"sacrifice-set":"Sacrifice Set",
	"sambodhis-vow":"Sambodhi's Vow",
	"sanctified-fossil":"Sanctified Fossil",
	"scholar-of-the-seas":"Scholar of the Seas",
	"scorched-fossil":"Scorched Fossil",
	"scour":"Orb of Scouring",
	"scr":"Armourer's Scrap",
	"screaming-essence-of-anger":"Screaming Essence of Anger",
	"screaming-essence-of-anguish":"Screaming Essence of Anguish",
	"screaming-essence-of-contempt":"Screaming Essence of Contempt",
	"screaming-essence-of-doubt":"Screaming Essence of Doubt",
	"screaming-essence-of-dread":"Screaming Essence of Dread",
	"screaming-essence-of-envy":"Screaming Essence of Envy",
	"screaming-essence-of-fear":"Screaming Essence of Fear",
	"screaming-essence-of-greed":"Screaming Essence of Greed",
	"screaming-essence-of-hatred":"Screaming Essence of Hatred",
	"screaming-essence-of-loathing":"Screaming Essence of Loathing",
	"screaming-essence-of-misery":"Screaming Essence of Misery",
	"screaming-essence-of-rage":"Screaming Essence of Rage",
	"screaming-essence-of-scorn":"Screaming Essence of Scorn",
	"screaming-essence-of-sorrow":"Screaming Essence of Sorrow",
	"screaming-essence-of-spite":"Screaming Essence of Spite",
	"screaming-essence-of-suffering":"Screaming Essence of Suffering",
	"screaming-essence-of-torment":"Screaming Essence of Torment",
	"screaming-essence-of-woe":"Screaming Essence of Woe",
	"screaming-essence-of-wrath":"Screaming Essence of Wrath",
	"screaming-essence-of-zeal":"Screaming Essence of Zeal",
	"scriptorium-map-tier-11":"Scriptorium Map",
	"scriptorium-map-tier-14":"Scriptorium Map",
	"scriptorium-map-tier-5":"Scriptorium Map",
	"scriptorium-map-tier-9":"Scriptorium Map",
	"sepia-oil":"Sepia Oil",
	"sepulchre-map-tier-11":"Sepulchre Map",
	"sepulchre-map-tier-13":"Sepulchre Map",
	"sepulchre-map-tier-15":"Sepulchre Map",
	"serrated-fossil":"Serrated Fossil",
	"seven-years-bad-luck":"Seven Years Bad Luck",
	"shaper-set":"Key to the Crucible",
	"shard-of-fate":"Shard of Fate",
	"shipyard-map-tier-12":"Shipyard Map",
	"shipyard-map-tier-14":"Shipyard Map",
	"shipyard-map-tier-16":"Shipyard Map",
	"shipyard-map-tier-9":"Shipyard Map",
	"shore-map-tier-11":"Shore Map",
	"shore-map-tier-13":"Shore Map",
	"shore-map-tier-15":"Shore Map",
	"shore-map-tier-4":"Shore Map",
	"shore-map-tier-7":"Shore Map",
	"shrieking-essence-of-anger":"Shrieking Essence of Anger",
	"shrieking-essence-of-anguish":"Shrieking Essence of Anguish",
	"shrieking-essence-of-contempt":"Shrieking Essence of Contempt",
	"shrieking-essence-of-doubt":"Shrieking Essence of Doubt",
	"shrieking-essence-of-dread":"Shrieking Essence of Dread",
	"shrieking-essence-of-envy":"Shrieking Essence of Envy",
	"shrieking-essence-of-fear":"Shrieking Essence of Fear",
	"shrieking-essence-of-greed":"Shrieking Essence of Greed",
	"shrieking-essence-of-hatred":"Shrieking Essence of Hatred",
	"shrieking-essence-of-loathing":"Shrieking Essence of Loathing",
	"shrieking-essence-of-misery":"Shrieking Essence of Misery",
	"shrieking-essence-of-rage":"Shrieking Essence of Rage",
	"shrieking-essence-of-scorn":"Shrieking Essence of Scorn",
	"shrieking-essence-of-sorrow":"Shrieking Essence of Sorrow",
	"shrieking-essence-of-spite":"Shrieking Essence of Spite",
	"shrieking-essence-of-suffering":"Shrieking Essence of Suffering",
	"shrieking-essence-of-torment":"Shrieking Essence of Torment",
	"shrieking-essence-of-woe":"Shrieking Essence of Woe",
	"shrieking-essence-of-wrath":"Shrieking Essence of Wrath",
	"shrieking-essence-of-zeal":"Shrieking Essence of Zeal",
	"shrine-map-tier-14":"Shrine Map",
	"shrine-map-tier-16":"Shrine Map",
	"shuddering-fossil":"Shuddering Fossil",
	"siege-map-tier-11":"Siege Map",
	"siege-map-tier-13":"Siege Map",
	"siege-map-tier-15":"Siege Map",
	"siege-map-tier-8":"Siege Map",
	"silver":"Silver Coin",
	"silver-oil":"Silver Oil",
	"singular-incubator":"Singular Incubator",
	"skittering-incubator":"Skittering Incubator",
	"spider-forest-map-tier-14":"Spider Forest Map",
	"spider-lair-map-tier-14":"Spider Lair Map",
	"splinter-chayula":"Splinter of Chayula",
	"splinter-esh":"Splinter of Esh",
	"splinter-tul":"Splinter of Tul",
	"splinter-uul":"Splinter of Uul-Netol",
	"splinter-xoph":"Splinter of Xoph",
	"squandered-prosperity":"Squandered Prosperity",
	"stacked-deck":"Stacked Deck",
	"strand-map-tier-11":"Strand Map",
	"strand-map-tier-14":"Strand Map",
	"strand-map-tier-2":"Strand Map",
	"strand-map-tier-5":"Strand Map",
	"strand-map-tier-9":"Strand Map",
	"struck-by-lightning":"Struck by Lightning",
	"succor-of-the-sinless":"Succor of the Sinless",
	"sulphur-vents-map-tier-11":"Sulphur Vents Map",
	"sulphur-vents-map-tier-14":"Sulphur Vents Map",
	"sulphur-vents-map-tier-2":"Sulphur Vents Map",
	"sulphur-vents-map-tier-5":"Sulphur Vents Map",
	"sulphur-vents-map-tier-9":"Sulphur Vents Map",
	"summit-map-tier-16":"Summit Map",
	"sunken-city-map-tier-14":"Sunken City Map",
	"sunken-city-map-tier-16":"Sunken City Map",
	"tangled-fossil":"Tangled Fossil",
	"teal-oil":"Teal Oil",
	"tempering-catalyst":"Tempering Catalyst",
	"temple-map-tier-10":"Temple Map",
	"temple-map-tier-12":"Temple Map",
	"temple-map-tier-14":"Temple Map",
	"temple-map-tier-3":"Temple Map",
	"temple-map-tier-6":"Temple Map",
	"terrace-map-tier-15":"Terrace Map",
	"thaumaturges-incubator":"Thaumaturge's Incubator",
	"the-admirer":"The Admirer",
	"the-aesthete":"The Aesthete",
	"the-archmages-right-hand":"The Archmage's Right Hand",
	"the-arena-champion":"The Arena Champion",
	"the-army-of-blood":"The Army of Blood",
	"the-artist":"The Artist",
	"the-avenger":"The Avenger",
	"the-bargain":"The Bargain",
	"the-battle-born":"The Battle Born",
	"the-beast":"The Beast",
	"the-betrayal":"The Betrayal",
	"the-blazing-fire":"The Blazing Fire",
	"the-body":"The Body",
	"the-bones":"The Bones",
	"the-breach":"The Breach",
	"the-brittle-emperor":"The Brittle Emperor",
	"the-cacophony":"The Cacophony",
	"the-calling":"The Calling",
	"the-carrion-crow":"The Carrion Crow",
	"the-cartographer":"The Cartographer",
	"the-cataclysm":"The Cataclysm",
	"the-catalyst":"The Catalyst",
	"the-celestial-justicar":"The Celestial Justicar",
	"the-celestial-stone":"The Celestial Stone",
	"the-chains-that-bind":"The Chains that Bind",
	"the-chosen":"The Chosen",
	"the-coming-storm":"The Coming Storm",
	"the-conduit":"The Conduit",
	"the-craving":"The Craving",
	"the-cursed-king":"The Cursed King",
	"the-damned":"The Damned",
	"the-dapper-prodigy":"The Dapper Prodigy",
	"the-dark-mage":"The Dark Mage",
	"the-darkest-dream":"The Darkest Dream",
	"the-deal":"The Deal",
	"the-deceiver":"The Deceiver",
	"the-deep-ones":"The Deep Ones",
	"the-demon":"The Demon",
	"the-demoness":"The Demoness",
	"the-devastator":"The Devastator",
	"the-doctor":"The Doctor",
	"the-doppelganger":"The Doppelganger",
	"the-dragon":"The Dragon",
	"the-dragons-heart":"The Dragon's Heart",
	"the-dreamer":"The Dreamer",
	"the-dreamland":"The Dreamland",
	"the-drunken-aristocrat":"The Drunken Aristocrat",
	"the-encroaching-darkness":"The Encroaching Darkness",
	"the-endless-darkness":"The Endless Darkness",
	"the-endurance":"The Endurance",
	"the-enlightened":"The Enlightened",
	"the-escape":"The Escape",
	"the-ethereal":"The Ethereal",
	"the-explorer":"The Explorer",
	"the-eye-of-terror":"The Eye of Terror",
	"the-eye-of-the-dragon":"The Eye of the Dragon",
	"the-fathomless-depths":"The Fathomless Depths",
	"the-feast":"The Feast",
	"the-fiend":"The Fiend",
	"the-fishmonger":"The Fishmonger",
	"the-fletcher":"The Fletcher",
	"the-floras-gift":"The Flora's Gift",
	"the-fool":"The Fool",
	"the-formless-sea":"The Formless Sea",
	"the-forsaken":"The Forsaken",
	"the-fox":"The Fox",
	"the-gambler":"The Gambler",
	"the-garish-power":"The Garish Power",
	"the-gemcutter":"The Gemcutter",
	"the-gentleman":"The Gentleman",
	"the-gladiator":"The Gladiator",
	"the-golden-era":"The Golden Era",
	"the-hale-heart":"The Hale Heart",
	"the-harvester":"The Harvester",
	"the-hermit":"The Hermit",
	"the-heroic-shot":"The Heroic Shot",
	"the-hoarder":"The Hoarder",
	"the-hunger":"The Hunger",
	"the-immortal":"The Immortal",
	"the-incantation":"The Incantation",
	"the-innocent":"The Innocent",
	"the-inoculated":"The Inoculated",
	"the-insatiable":"The Insatiable",
	"the-inventor":"The Inventor",
	"the-iron-bard":"The Iron Bard",
	"the-jester":"The Jester",
	"the-jewellers-boon":"The Jeweller's Boon",
	"the-journey":"The Journey",
	"the-kings-blade":"The King's Blade",
	"the-kings-heart":"The King's Heart",
	"the-landing":"The Landing",
	"the-last-one-standing":"The Last One Standing",
	"the-lich":"The Lich",
	"the-life-thief":"The Life Thief",
	"the-lion":"The Lion",
	"the-lord-in-black":"The Lord in Black",
	"the-lord-of-celebration":"The Lord of Celebration",
	"the-lover":"The Lover",
	"the-lunaris-priestess":"The Lunaris Priestess",
	"the-mad-king":"The Mad King",
	"the-master":"The Master",
	"the-master-artisan":"The Master Artisan",
	"the-mayor":"The Mayor",
	"the-mercenary":"The Mercenary",
	"the-messenger":"The Messenger",
	"the-metalsmiths-gift":"The Metalsmith's Gift",
	"the-mountain":"The Mountain",
	"the-nurse":"The Nurse",
	"the-oath":"The Oath",
	"the-obscured":"The Obscured",
	"the-offering":"The Offering",
	"the-old-man":"The Old Man",
	"the-one-with-all":"The One With All",
	"the-opulent":"The Opulent",
	"the-pack-leader":"The Pack Leader",
	"the-pact":"The Pact",
	"the-penitent":"The Penitent",
	"the-poet":"The Poet",
	"the-polymath":"The Polymath",
	"the-porcupine":"The Porcupine",
	"the-price-of-loyalty":"The Price of Loyalty",
	"the-price-of-protection":"The Price of Protection",
	"the-primordial":"The Primordial",
	"the-professor":"The Professor",
	"the-puzzle":"The Puzzle",
	"the-queen":"The Queen",
	"the-rabid-rhoa":"The Rabid Rhoa",
	"the-realm":"The Realm",
	"the-risk":"The Risk",
	"the-rite-of-elements":"The Rite of Elements",
	"the-road-to-power":"The Road to Power",
	"the-ruthless-ceinture":"The Ruthless Ceinture",
	"the-sacrifice":"The Sacrifice",
	"the-saints-treasure":"The Saint's Treasure",
	"the-samurais-eye":"The Samurai's Eye",
	"the-scarred-meadow":"The Scarred Meadow",
	"the-scavenger":"The Scavenger",
	"the-scholar":"The Scholar",
	"the-seeker":"The Seeker",
	"the-sephirot":"The Sephirot",
	"the-side-quest":"The Side Quest",
	"the-sigil":"The Sigil",
	"the-siren":"The Siren",
	"the-skeleton":"The Skeleton",
	"the-soul":"The Soul",
	"the-spark-and-the-flame":"The Spark and the Flame",
	"the-spoiled-prince":"The Spoiled Prince",
	"the-standoff":"The Standoff",
	"the-stormcaller":"The Stormcaller",
	"the-summoner":"The Summoner",
	"the-sun":"The Sun",
	"the-surgeon":"The Surgeon",
	"the-surveyor":"The Surveyor",
	"the-survivalist":"The Survivalist",
	"the-sword-kings-salute":"The Sword King's Salute",
	"the-thaumaturgist":"The Thaumaturgist",
	"the-throne":"The Throne",
	"the-tower":"The Tower",
	"the-traitor":"The Traitor",
	"the-trial":"The Trial",
	"the-twilight-moon":"The Twilight Moon",
	"the-twins":"The Twins",
	"the-tyrant":"The Tyrant",
	"the-undaunted":"The Undaunted",
	"the-undisputed":"The Undisputed",
	"the-union":"The Union",
	"the-valkyrie":"The Valkyrie",
	"the-valley-of-steel-boxes":"The Valley of Steel Boxes",
	"the-vast":"The Vast",
	"the-visionary":"The Visionary",
	"the-void":"The Void",
	"the-warden":"The Warden",
	"the-warlord":"The Warlord",
	"the-watcher":"The Watcher",
	"the-web":"The Web",
	"the-wilted-rose":"The Wilted Rose",
	"the-wind":"The Wind",
	"the-witch":"The Witch",
	"the-wolf":"The Wolf",
	"the-wolfs-legacy":"The Wolf's Legacy",
	"the-wolfs-shadow":"The Wolf's Shadow",
	"the-wolven-kings-bite":"The Wolven King's Bite",
	"the-wolverine":"The Wolverine",
	"the-world-eater":"The World Eater",
	"the-wrath":"The Wrath",
	"the-wretched":"The Wretched",
	"thicket-map-tier-11":"Thicket Map",
	"thicket-map-tier-12":"Thicket Map",
	"thicket-map-tier-15":"Thicket Map",
	"thicket-map-tier-4":"Thicket Map",
	"thicket-map-tier-7":"Thicket Map",
	"thirst-for-knowledge":"Thirst for Knowledge",
	"three-faces-in-the-dark":"Three Faces in the Dark",
	"three-voices":"Three Voices",
	"thunderous-skies":"Thunderous Skies",
	"time-lost-incubator":"Time-Lost Incubator",
	"time-lost-relic":"Time-Lost Relic",
	"timeless-eternal-emblem":"Timeless Eternal Emblem",
	"timeless-eternal-empire-splinter":"Timeless Eternal Empire Splinter",
	"timeless-karui-emblem":"Timeless Karui Emblem",
	"timeless-karui-splinter":"Timeless Karui Splinter",
	"timeless-maraketh-emblem":"Timeless Maraketh Emblem",
	"timeless-maraketh-splinter":"Timeless Maraketh Splinter",
	"timeless-templar-emblem":"Timeless Templar Emblem",
	"timeless-templar-splinter":"Timeless Templar Splinter",
	"timeless-vaal-emblem":"Timeless Vaal Emblem",
	"timeless-vaal-splinter":"Timeless Vaal Splinter",
	"timeworn-reliquary-key":"Timeworn Reliquary Key",
	"tower-map-tier-12":"Tower Map",
	"tower-map-tier-14":"Tower Map",
	"tower-map-tier-16":"Tower Map",
	"tower-map-tier-5":"Tower Map",
	"tower-map-tier-9":"Tower Map",
	"toxic-sewer-map-tier-10":"Toxic Sewer Map",
	"toxic-sewer-map-tier-12":"Toxic Sewer Map",
	"toxic-sewer-map-tier-15":"Toxic Sewer Map",
	"toxic-sewer-map-tier-3":"Toxic Sewer Map",
	"toxic-sewer-map-tier-7":"Toxic Sewer Map",
	"tra":"Orb of Transmutation",
	"tranquillity":"Tranquillity",
	"treasure-hunter":"Treasure Hunter",
	"tropical-island-map-tier-11":"Tropical Island Map",
	"tropical-island-map-tier-14":"Tropical Island Map",
	"tropical-island-map-tier-5":"Tropical Island Map",
	"tropical-island-map-tier-9":"Tropical Island Map",
	"tuls-breachstone":"Tul's Breachstone",
	"tuls-charged-breachstone":"Tul's Charged Breachstone",
	"tuls-enriched-breachstone":"Tul's Enriched Breachstone",
	"tuls-pure-breachstone":"Tul's Pure Breachstone",
	"turbulent-catalyst":"Turbulent Catalyst",
	"turn-the-other-cheek":"Turn the Other Cheek",
	"underground-forest":"Underground Forest",
	"underground-river-map-tier-13":"Underground River Map",
	"underground-river-map-tier-16":"Underground River Map",
	"underground-sea-map-tier-11":"Underground Sea Map",
	"underground-sea-map-tier-14":"Underground Sea Map",
	"underground-sea-map-tier-2":"Underground Sea Map",
	"underground-sea-map-tier-6":"Underground Sea Map",
	"underground-sea-map-tier-9":"Underground Sea Map",
	"uul-breachstone":"Uul-Netol's Breachstone",
	"uul-charged-breachstone":"Uul-Netol's Charged Breachstone",
	"uul-enriched-breachstone":"Uul-Netol's Enriched Breachstone",
	"uul-pure-breachstone":"Uul-Netol's Pure Breachstone",
	"vaal":"Vaal Orb",
	"vaal-pyramid-map-tier-10":"Vaal Pyramid Map",
	"vaal-pyramid-map-tier-12":"Vaal Pyramid Map",
	"vaal-pyramid-map-tier-14":"Vaal Pyramid Map",
	"vaal-pyramid-map-tier-3":"Vaal Pyramid Map",
	"vaal-pyramid-map-tier-7":"Vaal Pyramid Map",
	"vaal-temple-map-tier-16":"Vaal Temple Map",
	"vanity":"Vanity",
	"vault-map-tier-10":"Vault Map",
	"vault-map-tier-11":"Vault Map",
	"vault-map-tier-14":"Vault Map",
	"vault-map-tier-3":"Vault Map",
	"vault-map-tier-6":"Vault Map",
	"verdant-oil":"Verdant Oil",
	"vial-of-awakening":"Vial of Awakening",
	"vial-of-consequence":"Vial of Consequence",
	"vial-of-dominance":"Vial of Dominance",
	"vial-of-fate":"Vial of Fate",
	"vial-of-sacrifice":"Vial of Sacrifice",
	"vial-of-summoning":"Vial of Summoning",
	"vial-of-the-ghost":"Vial of the Ghost",
	"vial-of-the-ritual":"Vial of the Ritual",
	"vial-of-transcendence":"Vial of Transcendence",
	"vile-power":"Vile Power",
	"villa-map-tier-11":"Villa Map",
	"villa-map-tier-14":"Villa Map",
	"villa-map-tier-2":"Villa Map",
	"villa-map-tier-5":"Villa Map",
	"villa-map-tier-9":"Villa Map",
	"vinias-token":"Vinia's Token",
	"violet-oil":"Violet Oil",
	"void-of-the-elements":"Void of the Elements",
	"volatile-power":"Volatile Power",
	"volcano-map-tier-10":"Volcano Map",
	"volcano-map-tier-12":"Volcano Map",
	"volcano-map-tier-14":"Volcano Map",
	"volcano-map-tier-3":"Volcano Map",
	"volcano-map-tier-6":"Volcano Map",
	"volkuur":"Volkuur's Key",
	"wailing-essence-of-anger":"Wailing Essence of Anger",
	"wailing-essence-of-anguish":"Wailing Essence of Anguish",
	"wailing-essence-of-contempt":"Wailing Essence of Contempt",
	"wailing-essence-of-doubt":"Wailing Essence of Doubt",
	"wailing-essence-of-fear":"Wailing Essence of Fear",
	"wailing-essence-of-greed":"Wailing Essence of Greed",
	"wailing-essence-of-hatred":"Wailing Essence of Hatred",
	"wailing-essence-of-loathing":"Wailing Essence of Loathing",
	"wailing-essence-of-rage":"Wailing Essence of Rage",
	"wailing-essence-of-sorrow":"Wailing Essence of Sorrow",
	"wailing-essence-of-spite":"Wailing Essence of Spite",
	"wailing-essence-of-suffering":"Wailing Essence of Suffering",
	"wailing-essence-of-torment":"Wailing Essence of Torment",
	"wailing-essence-of-woe":"Wailing Essence of Woe",
	"wailing-essence-of-wrath":"Wailing Essence of Wrath",
	"wailing-essence-of-zeal":"Wailing Essence of Zeal",
	"waste-pool-map-tier-11":"Waste Pool Map",
	"waste-pool-map-tier-13":"Waste Pool Map",
	"waste-pool-map-tier-15":"Waste Pool Map",
	"waste-pool-map-tier-4":"Waste Pool Map",
	"waste-pool-map-tier-8":"Waste Pool Map",
	"wasteland-map-tier-10":"Wasteland Map",
	"wasteland-map-tier-11":"Wasteland Map",
	"wasteland-map-tier-14":"Wasteland Map",
	"wasteland-map-tier-3":"Wasteland Map",
	"wasteland-map-tier-6":"Wasteland Map",
	"waterways-map-tier-10":"Waterways Map",
	"waterways-map-tier-13":"Waterways Map",
	"waterways-map-tier-16":"Waterways Map",
	"waterways-map-tier-3":"Waterways Map",
	"waterways-map-tier-7":"Waterways Map",
	"wealth-and-power":"Wealth and Power",
	"weeping-essence-of-anger":"Weeping Essence of Anger",
	"weeping-essence-of-contempt":"Weeping Essence of Contempt",
	"weeping-essence-of-doubt":"Weeping Essence of Doubt",
	"weeping-essence-of-fear":"Weeping Essence of Fear",
	"weeping-essence-of-greed":"Weeping Essence of Greed",
	"weeping-essence-of-hatred":"Weeping Essence of Hatred",
	"weeping-essence-of-rage":"Weeping Essence of Rage",
	"weeping-essence-of-sorrow":"Weeping Essence of Sorrow",
	"weeping-essence-of-suffering":"Weeping Essence of Suffering",
	"weeping-essence-of-torment":"Weeping Essence of Torment",
	"weeping-essence-of-woe":"Weeping Essence of Woe",
	"weeping-essence-of-wrath":"Weeping Essence of Wrath",
	"wharf-map-tier-1":"Wharf Map",
	"wharf-map-tier-10":"Wharf Map",
	"wharf-map-tier-14":"Wharf Map",
	"wharf-map-tier-4":"Wharf Map",
	"wharf-map-tier-8":"Wharf Map",
	"whe":"Blacksmith's Whetstone",
	"whispering-essence-of-contempt":"Whispering Essence of Contempt",
	"whispering-essence-of-greed":"Whispering Essence of Greed",
	"whispering-essence-of-hatred":"Whispering Essence of Hatred",
	"whispering-essence-of-woe":"Whispering Essence of Woe",
	"whispering-incubator":"Whispering Incubator",
	"wis":"Scroll of Wisdom",
	"xophs-breachstone":"Xoph's Breachstone",
	"xophs-charged-breachstone":"Xoph's Charged Breachstone",
	"xophs-enriched-breachstone":"Xoph's Enriched Breachstone",
	"xophs-pure-breachstone":"Xoph's Pure Breachstone",
	"yriel":"Yriel's Key"
}